,compound,create_date,negative,neutral,news_media,positive,tweets_ago
0,0.0,2017-12-02 04:37:03+00:00,0.0,1.0,NYT,0.0,0
1,-0.4019,2017-12-02 04:23:03+00:00,0.277,0.567,NYT,0.156,-1
2,0.0,2017-12-02 03:16:03+00:00,0.0,1.0,NYT,0.0,-2
3,0.0,2017-12-02 03:15:03+00:00,0.0,1.0,NYT,0.0,-3
4,-0.4215,2017-12-02 03:14:03+00:00,0.412,0.588,NYT,0.0,-4
5,0.0,2017-12-02 03:13:03+00:00,0.0,1.0,NYT,0.0,-5
6,0.0,2017-12-02 03:12:03+00:00,0.0,1.0,NYT,0.0,-6
7,-0.2023,2017-12-02 03:11:03+00:00,0.199,0.662,NYT,0.14,-7
8,-0.4215,2017-12-02 03:10:03+00:00,0.237,0.763,NYT,0.0,-8
9,0.3818,2017-12-02 03:09:03+00:00,0.0,0.776,NYT,0.224,-9
10,0.0,2017-12-02 02:42:03+00:00,0.0,1.0,NYT,0.0,-10
11,0.0,2017-12-02 02:41:05+00:00,0.0,1.0,NYT,0.0,-11
12,-0.4939,2017-12-02 02:40:03+00:00,0.262,0.738,NYT,0.0,-12
13,0.4939,2017-12-02 02:39:03+00:00,0.0,0.775,NYT,0.225,-13
14,0.0,2017-12-02 02:34:02+00:00,0.0,1.0,NYT,0.0,-14
15,-0.3612,2017-12-02 02:33:02+00:00,0.241,0.759,NYT,0.0,-15
16,0.0,2017-12-02 02:32:03+00:00,0.0,1.0,NYT,0.0,-16
17,-0.6808,2017-12-02 02:31:03+00:00,0.359,0.641,NYT,0.0,-17
18,0.5106,2017-12-02 02:30:04+00:00,0.0,0.699,NYT,0.301,-18
19,0.0772,2017-12-02 02:29:02+00:00,0.0,0.909,NYT,0.091,-19
20,0.6597,2017-12-02 02:28:03+00:00,0.0,0.565,NYT,0.435,-20
21,0.4019,2017-12-02 02:27:03+00:00,0.0,0.803,NYT,0.197,-21
22,0.0,2017-12-02 02:26:03+00:00,0.0,1.0,NYT,0.0,-22
23,0.0,2017-12-02 02:25:02+00:00,0.0,1.0,NYT,0.0,-23
24,0.34,2017-12-02 02:23:03+00:00,0.0,0.789,NYT,0.211,-24
25,0.0,2017-12-02 02:22:02+00:00,0.0,1.0,NYT,0.0,-25
26,0.2263,2017-12-02 02:10:03+00:00,0.16,0.629,NYT,0.211,-26
27,0.0,2017-12-02 02:09:03+00:00,0.0,1.0,NYT,0.0,-27
28,0.0,2017-12-02 01:55:02+00:00,0.0,1.0,NYT,0.0,-28
29,-0.25,2017-12-02 01:54:03+00:00,0.188,0.694,NYT,0.118,-29
30,0.4404,2017-12-02 01:41:02+00:00,0.0,0.734,NYT,0.266,-30
31,0.4767,2017-12-02 01:40:02+00:00,0.0,0.763,NYT,0.237,-31
32,-0.34,2017-12-02 01:39:02+00:00,0.246,0.615,NYT,0.138,-32
33,0.4404,2017-12-02 01:25:02+00:00,0.0,0.734,NYT,0.266,-33
34,0.0,2017-12-02 01:24:02+00:00,0.0,1.0,NYT,0.0,-34
35,0.6597,2017-12-02 01:21:02+00:00,0.0,0.565,NYT,0.435,-35
36,0.0,2017-12-02 01:10:02+00:00,0.0,1.0,NYT,0.0,-36
37,0.0,2017-12-02 01:09:02+00:00,0.0,1.0,NYT,0.0,-37
38,0.4404,2017-12-02 01:08:02+00:00,0.0,0.805,NYT,0.195,-38
39,-0.6597,2017-12-02 00:56:02+00:00,0.328,0.672,NYT,0.0,-39
40,0.0,2017-12-02 00:55:02+00:00,0.0,1.0,NYT,0.0,-40
41,-0.5719,2017-12-02 00:54:02+00:00,0.266,0.734,NYT,0.0,-41
42,0.34,2017-12-02 00:53:02+00:00,0.0,0.833,NYT,0.167,-42
43,-0.6808,2017-12-02 00:50:02+00:00,0.359,0.641,NYT,0.0,-43
44,-0.3818,2017-12-02 00:40:02+00:00,0.191,0.809,NYT,0.0,-44
45,-0.6597,2017-12-02 00:39:02+00:00,0.328,0.672,NYT,0.0,-45
46,0.0,2017-12-02 00:38:02+00:00,0.0,1.0,NYT,0.0,-46
47,0.0,2017-12-02 00:22:02+00:00,0.0,1.0,NYT,0.0,-47
48,0.1779,2017-12-02 00:21:02+00:00,0.236,0.545,NYT,0.218,-48
49,0.0,2017-12-02 00:09:02+00:00,0.0,1.0,NYT,0.0,-49
50,0.0,2017-12-02 00:08:02+00:00,0.0,1.0,NYT,0.0,-50
51,0.1779,2017-12-02 00:07:02+00:00,0.0,0.855,NYT,0.145,-51
52,-0.9042,2017-12-01 23:42:02+00:00,0.615,0.385,NYT,0.0,-52
53,0.0,2017-12-01 23:41:02+00:00,0.0,1.0,NYT,0.0,-53
54,-0.0516,2017-12-01 23:40:02+00:00,0.19,0.633,NYT,0.177,-54
55,0.0,2017-12-01 23:39:02+00:00,0.0,1.0,NYT,0.0,-55
56,0.4767,2017-12-01 23:38:02+00:00,0.0,0.763,NYT,0.237,-56
57,-0.4215,2017-12-01 23:25:02+00:00,0.286,0.714,NYT,0.0,-57
58,-0.4215,2017-12-01 23:24:02+00:00,0.237,0.763,NYT,0.0,-58
59,0.34,2017-12-01 23:23:01+00:00,0.0,0.789,NYT,0.211,-59
60,0.6124,2017-12-01 23:13:01+00:00,0.0,0.692,NYT,0.308,-60
61,0.0,2017-12-01 23:09:02+00:00,0.0,1.0,NYT,0.0,-61
62,0.0,2017-12-01 23:08:01+00:00,0.0,1.0,NYT,0.0,-62
63,-0.3612,2017-12-01 23:07:02+00:00,0.2,0.8,NYT,0.0,-63
64,0.0,2017-12-01 23:06:01+00:00,0.0,1.0,NYT,0.0,-64
65,0.7269,2017-12-01 22:55:02+00:00,0.0,0.643,NYT,0.357,-65
66,0.296,2017-12-01 22:54:01+00:00,0.0,0.732,NYT,0.268,-66
67,0.0,2017-12-01 22:53:02+00:00,0.0,1.0,NYT,0.0,-67
68,0.4019,2017-12-01 22:52:01+00:00,0.0,0.748,NYT,0.252,-68
69,0.0,2017-12-01 22:37:01+00:00,0.0,1.0,NYT,0.0,-69
70,-0.34,2017-12-01 22:30:01+00:00,0.231,0.769,NYT,0.0,-70
71,0.0,2017-12-01 22:27:01+00:00,0.0,1.0,NYT,0.0,-71
72,-0.0772,2017-12-01 22:26:01+00:00,0.204,0.619,NYT,0.177,-72
73,-0.1531,2017-12-01 22:25:01+00:00,0.246,0.556,NYT,0.198,-73
74,0.0,2017-12-01 22:24:01+00:00,0.0,1.0,NYT,0.0,-74
75,-0.5106,2017-12-01 22:23:01+00:00,0.18,0.82,NYT,0.0,-75
76,0.7845,2017-12-01 22:19:01+00:00,0.0,0.42,NYT,0.58,-76
77,-0.6908,2017-12-01 22:18:02+00:00,0.343,0.657,NYT,0.0,-77
78,0.1027,2017-12-01 22:17:02+00:00,0.204,0.563,NYT,0.232,-78
79,0.0,2017-12-01 22:16:01+00:00,0.0,1.0,NYT,0.0,-79
80,-0.3612,2017-12-01 22:15:01+00:00,0.385,0.615,NYT,0.0,-80
81,0.2023,2017-12-01 22:14:01+00:00,0.0,0.833,NYT,0.167,-81
82,-0.3818,2017-12-01 22:13:01+00:00,0.206,0.794,NYT,0.0,-82
83,0.0,2017-12-01 22:12:01+00:00,0.0,1.0,NYT,0.0,-83
84,-0.4404,2017-12-01 22:11:01+00:00,0.293,0.707,NYT,0.0,-84
85,0.2023,2017-12-01 22:10:01+00:00,0.13,0.685,NYT,0.185,-85
86,-0.3818,2017-12-01 22:09:01+00:00,0.178,0.822,NYT,0.0,-86
87,0.4404,2017-12-01 22:08:01+00:00,0.0,0.674,NYT,0.326,-87
88,0.0,2017-12-01 22:07:01+00:00,0.0,1.0,NYT,0.0,-88
89,0.0,2017-12-01 22:06:01+00:00,0.0,1.0,NYT,0.0,-89
90,-0.4767,2017-12-01 22:05:01+00:00,0.237,0.763,NYT,0.0,-90
91,0.0,2017-12-01 22:04:01+00:00,0.0,1.0,NYT,0.0,-91
92,0.0,2017-12-01 22:03:01+00:00,0.0,1.0,NYT,0.0,-92
93,0.3612,2017-12-01 22:02:01+00:00,0.0,0.815,NYT,0.185,-93
94,0.0,2017-12-01 22:01:01+00:00,0.0,1.0,NYT,0.0,-94
95,0.4588,2017-12-01 22:00:01+00:00,0.0,0.727,NYT,0.273,-95
96,0.0,2017-12-01 21:59:01+00:00,0.0,1.0,NYT,0.0,-96
97,0.0,2017-12-01 21:58:01+00:00,0.0,1.0,NYT,0.0,-97
98,-0.4215,2017-12-01 21:57:01+00:00,0.177,0.823,NYT,0.0,-98
99,-0.7506,2017-12-01 21:56:01+00:00,0.454,0.402,NYT,0.144,-99
0,0.0,2017-12-02 04:30:07+00:00,0.0,1.0,CNN,0.0,0
1,0.4939,2017-12-02 04:00:07+00:00,0.0,0.775,CNN,0.225,-1
2,0.0772,2017-12-02 03:30:22+00:00,0.093,0.802,CNN,0.105,-2
3,0.1779,2017-12-02 03:00:18+00:00,0.0,0.825,CNN,0.175,-3
4,0.0,2017-12-02 02:50:05+00:00,0.0,1.0,CNN,0.0,-4
5,-0.8885,2017-12-02 02:40:06+00:00,0.404,0.596,CNN,0.0,-5
6,0.0,2017-12-02 02:30:06+00:00,0.0,1.0,CNN,0.0,-6
7,-0.6249,2017-12-02 02:20:01+00:00,0.313,0.687,CNN,0.0,-7
8,0.0,2017-12-02 02:10:04+00:00,0.0,1.0,CNN,0.0,-8
9,0.0,2017-12-02 02:00:27+00:00,0.0,1.0,CNN,0.0,-9
10,0.4019,2017-12-02 01:50:04+00:00,0.0,0.816,CNN,0.184,-10
11,0.0,2017-12-02 01:40:03+00:00,0.0,1.0,CNN,0.0,-11
12,0.0,2017-12-02 01:30:07+00:00,0.0,1.0,CNN,0.0,-12
13,0.4019,2017-12-02 01:22:50+00:00,0.0,0.856,CNN,0.144,-13
14,-0.4215,2017-12-02 01:20:10+00:00,0.219,0.781,CNN,0.0,-14
15,0.0,2017-12-02 01:10:11+00:00,0.0,1.0,CNN,0.0,-15
16,0.0,2017-12-02 01:00:02+00:00,0.0,1.0,CNN,0.0,-16
17,0.5859,2017-12-02 00:50:04+00:00,0.094,0.656,CNN,0.25,-17
18,0.0,2017-12-02 00:40:09+00:00,0.0,1.0,CNN,0.0,-18
19,0.0,2017-12-02 00:30:15+00:00,0.0,1.0,CNN,0.0,-19
20,0.0,2017-12-02 00:20:09+00:00,0.0,1.0,CNN,0.0,-20
21,0.0,2017-12-02 00:10:04+00:00,0.0,1.0,CNN,0.0,-21
22,0.4939,2017-12-02 00:03:53+00:00,0.0,0.814,CNN,0.186,-22
23,0.7574,2017-12-02 00:02:03+00:00,0.0,0.706,CNN,0.294,-23
24,-0.6908,2017-12-01 23:50:05+00:00,0.251,0.749,CNN,0.0,-24
25,0.0258,2017-12-01 23:40:05+00:00,0.142,0.66,CNN,0.198,-25
26,0.0,2017-12-01 23:30:03+00:00,0.0,1.0,CNN,0.0,-26
27,0.4939,2017-12-01 23:20:06+00:00,0.0,0.775,CNN,0.225,-27
28,-0.5574,2017-12-01 23:10:07+00:00,0.31,0.69,CNN,0.0,-28
29,-0.34,2017-12-01 23:00:15+00:00,0.211,0.789,CNN,0.0,-29
30,0.6249,2017-12-01 22:50:04+00:00,0.0,0.758,CNN,0.242,-30
31,0.0,2017-12-01 22:40:06+00:00,0.0,1.0,CNN,0.0,-31
32,-0.6486,2017-12-01 22:30:07+00:00,0.209,0.791,CNN,0.0,-32
33,-0.2023,2017-12-01 22:20:08+00:00,0.247,0.604,CNN,0.148,-33
34,0.0772,2017-12-01 22:10:13+00:00,0.093,0.802,CNN,0.105,-34
35,0.0,2017-12-01 22:00:07+00:00,0.0,1.0,CNN,0.0,-35
36,0.7964,2017-12-01 21:45:13+00:00,0.0,0.649,CNN,0.351,-36
37,0.0,2017-12-01 21:32:06+00:00,0.0,1.0,CNN,0.0,-37
38,-0.4728,2017-12-01 21:25:17+00:00,0.118,0.882,CNN,0.0,-38
39,0.0,2017-12-01 21:20:07+00:00,0.0,1.0,CNN,0.0,-39
40,-0.8885,2017-12-01 21:10:07+00:00,0.404,0.596,CNN,0.0,-40
41,-0.2023,2017-12-01 20:59:45+00:00,0.079,0.921,CNN,0.0,-41
42,0.1779,2017-12-01 20:43:58+00:00,0.0,0.825,CNN,0.175,-42
43,0.0,2017-12-01 20:30:08+00:00,0.0,1.0,CNN,0.0,-43
44,0.2732,2017-12-01 20:20:11+00:00,0.0,0.896,CNN,0.104,-44
45,0.8074,2017-12-01 20:10:07+00:00,0.0,0.644,CNN,0.356,-45
46,-0.5859,2017-12-01 20:00:16+00:00,0.256,0.64,CNN,0.104,-46
47,0.0,2017-12-01 19:50:05+00:00,0.0,1.0,CNN,0.0,-47
48,0.765,2017-12-01 19:41:07+00:00,0.0,0.708,CNN,0.292,-48
49,-0.7506,2017-12-01 19:33:43+00:00,0.252,0.748,CNN,0.0,-49
50,-0.5859,2017-12-01 19:21:06+00:00,0.242,0.664,CNN,0.094,-50
51,0.5994,2017-12-01 19:11:32+00:00,0.0,0.776,CNN,0.224,-51
52,0.0,2017-12-01 19:00:17+00:00,0.0,1.0,CNN,0.0,-52
53,0.2023,2017-12-01 18:55:11+00:00,0.0,0.921,CNN,0.079,-53
54,0.0,2017-12-01 18:45:12+00:00,0.0,1.0,CNN,0.0,-54
55,0.3182,2017-12-01 18:34:06+00:00,0.093,0.756,CNN,0.151,-55
56,-0.3818,2017-12-01 18:29:23+00:00,0.126,0.874,CNN,0.0,-56
57,-0.4215,2017-12-01 18:20:23+00:00,0.128,0.872,CNN,0.0,-57
58,0.0,2017-12-01 18:16:05+00:00,0.0,1.0,CNN,0.0,-58
59,0.0,2017-12-01 18:04:04+00:00,0.0,1.0,CNN,0.0,-59
60,0.0,2017-12-01 17:52:04+00:00,0.0,1.0,CNN,0.0,-60
61,0.4019,2017-12-01 17:33:09+00:00,0.0,0.863,CNN,0.137,-61
62,0.0,2017-12-01 17:12:02+00:00,0.0,1.0,CNN,0.0,-62
63,0.6249,2017-12-01 16:56:01+00:00,0.0,0.746,CNN,0.254,-63
64,-0.7351,2017-12-01 16:50:07+00:00,0.246,0.754,CNN,0.0,-64
65,-0.0516,2017-12-01 16:47:03+00:00,0.12,0.769,CNN,0.111,-65
66,-0.4215,2017-12-01 16:28:57+00:00,0.177,0.823,CNN,0.0,-66
67,-0.5106,2017-12-01 16:21:45+00:00,0.216,0.784,CNN,0.0,-67
68,-0.3818,2017-12-01 16:15:05+00:00,0.247,0.753,CNN,0.0,-68
69,-0.2658,2017-12-01 16:08:29+00:00,0.238,0.561,CNN,0.201,-69
70,0.0,2017-12-01 15:26:11+00:00,0.0,1.0,CNN,0.0,-70
71,0.0,2017-12-01 15:25:45+00:00,0.0,1.0,CNN,0.0,-71
72,0.34,2017-12-01 15:08:56+00:00,0.0,0.844,CNN,0.156,-72
73,0.0,2017-12-01 15:05:05+00:00,0.0,1.0,CNN,0.0,-73
74,0.0,2017-12-01 15:04:06+00:00,0.0,1.0,CNN,0.0,-74
75,-0.4215,2017-12-01 14:46:26+00:00,0.128,0.872,CNN,0.0,-75
76,0.0,2017-12-01 14:43:04+00:00,0.0,1.0,CNN,0.0,-76
77,-0.2023,2017-12-01 14:39:15+00:00,0.079,0.921,CNN,0.0,-77
78,0.5106,2017-12-01 14:34:13+00:00,0.086,0.67,CNN,0.244,-78
79,0.0,2017-12-01 14:20:53+00:00,0.0,1.0,CNN,0.0,-79
80,-0.2023,2017-12-01 14:19:31+00:00,0.141,0.859,CNN,0.0,-80
81,0.2732,2017-12-01 13:53:42+00:00,0.0,0.896,CNN,0.104,-81
82,0.1779,2017-12-01 13:38:30+00:00,0.0,0.825,CNN,0.175,-82
83,0.0,2017-12-01 12:55:54+00:00,0.0,1.0,CNN,0.0,-83
84,0.8074,2017-12-01 12:44:41+00:00,0.0,0.644,CNN,0.356,-84
85,0.7096,2017-12-01 12:29:31+00:00,0.0,0.753,CNN,0.247,-85
86,-0.2023,2017-12-01 12:21:27+00:00,0.079,0.921,CNN,0.0,-86
87,-0.1531,2017-12-01 12:09:43+00:00,0.138,0.862,CNN,0.0,-87
88,-0.2732,2017-12-01 12:01:42+00:00,0.091,0.909,CNN,0.0,-88
89,0.0,2017-12-01 11:54:21+00:00,0.0,1.0,CNN,0.0,-89
90,0.0,2017-12-01 11:43:20+00:00,0.0,1.0,CNN,0.0,-90
91,0.6808,2017-12-01 11:29:49+00:00,0.0,0.752,CNN,0.248,-91
92,-0.296,2017-12-01 11:15:01+00:00,0.109,0.891,CNN,0.0,-92
93,-0.9246,2017-12-01 11:04:01+00:00,0.53,0.47,CNN,0.0,-93
94,0.0,2017-12-01 10:49:48+00:00,0.0,1.0,CNN,0.0,-94
95,0.0,2017-12-01 10:35:41+00:00,0.0,1.0,CNN,0.0,-95
96,-0.1779,2017-12-01 10:28:36+00:00,0.082,0.918,CNN,0.0,-96
97,0.7964,2017-12-01 10:14:36+00:00,0.0,0.69,CNN,0.31,-97
98,0.0,2017-12-01 10:00:18+00:00,0.0,1.0,CNN,0.0,-98
99,-0.296,2017-12-01 09:55:07+00:00,0.235,0.539,CNN,0.225,-99
0,-0.3818,2017-12-01 19:00:02+00:00,0.133,0.867,BBC,0.0,0
1,0.0,2017-12-01 18:30:09+00:00,0.0,1.0,BBC,0.0,-1
2,0.5574,2017-12-01 18:01:03+00:00,0.0,0.816,BBC,0.184,-2
3,0.8591,2017-12-01 17:30:09+00:00,0.0,0.667,BBC,0.333,-3
4,0.4767,2017-12-01 17:18:28+00:00,0.0,0.807,BBC,0.193,-4
5,0.0,2017-12-01 17:06:02+00:00,0.0,1.0,BBC,0.0,-5
6,0.4003,2017-12-01 16:30:03+00:00,0.0,0.828,BBC,0.172,-6
7,0.0,2017-12-01 16:03:06+00:00,0.0,1.0,BBC,0.0,-7
8,0.0,2017-12-01 15:31:05+00:00,0.0,1.0,BBC,0.0,-8
9,0.0,2017-12-01 14:59:04+00:00,0.0,1.0,BBC,0.0,-9
10,0.1027,2017-12-01 14:28:33+00:00,0.117,0.748,BBC,0.136,-10
11,-0.296,2017-12-01 14:00:07+00:00,0.115,0.885,BBC,0.0,-11
12,0.0,2017-12-01 13:31:02+00:00,0.0,1.0,BBC,0.0,-12
13,0.5423,2017-12-01 13:00:08+00:00,0.0,0.8,BBC,0.2,-13
14,-0.3818,2017-12-01 12:30:03+00:00,0.233,0.625,BBC,0.142,-14
15,0.8151,2017-12-01 12:18:09+00:00,0.0,0.718,BBC,0.282,-15
16,0.5994,2017-12-01 12:03:01+00:00,0.0,0.769,BBC,0.231,-16
17,0.0,2017-12-01 11:34:46+00:00,0.0,1.0,BBC,0.0,-17
18,0.0,2017-12-01 11:02:10+00:00,0.0,1.0,BBC,0.0,-18
19,-0.2732,2017-12-01 10:34:22+00:00,0.122,0.798,BBC,0.08,-19
20,0.5719,2017-12-01 10:30:07+00:00,0.0,0.829,BBC,0.171,-20
21,0.5719,2017-12-01 10:00:05+00:00,0.0,0.821,BBC,0.179,-21
22,0.296,2017-12-01 09:44:25+00:00,0.0,0.833,BBC,0.167,-22
23,0.5093,2017-12-01 09:02:06+00:00,0.0,0.829,BBC,0.171,-23
24,0.0,2017-12-01 08:44:23+00:00,0.0,1.0,BBC,0.0,-24
25,0.0,2017-12-01 08:44:13+00:00,0.0,1.0,BBC,0.0,-25
26,0.6114,2017-12-01 08:43:21+00:00,0.0,0.501,BBC,0.499,-26
27,0.5267,2017-12-01 08:43:18+00:00,0.0,0.876,BBC,0.124,-27
28,0.0,2017-12-01 08:43:08+00:00,0.0,1.0,BBC,0.0,-28
29,0.0,2017-12-01 08:40:03+00:00,0.0,1.0,BBC,0.0,-29
30,0.0,2017-12-01 08:20:04+00:00,0.0,1.0,BBC,0.0,-30
31,0.5213,2017-12-01 08:00:06+00:00,0.0,0.786,BBC,0.214,-31
32,0.0,2017-12-01 07:38:05+00:00,0.0,1.0,BBC,0.0,-32
33,0.0,2017-11-30 20:35:05+00:00,0.0,1.0,BBC,0.0,-33
34,0.0,2017-11-30 20:02:03+00:00,0.0,1.0,BBC,0.0,-34
35,0.0,2017-11-30 19:33:02+00:00,0.0,1.0,BBC,0.0,-35
36,0.2263,2017-11-30 19:00:08+00:00,0.0,0.905,BBC,0.095,-36
37,0.0,2017-11-30 18:33:03+00:00,0.0,1.0,BBC,0.0,-37
38,0.6369,2017-11-30 18:00:13+00:00,0.0,0.704,BBC,0.296,-38
39,0.2263,2017-11-30 17:27:05+00:00,0.0,0.84,BBC,0.16,-39
40,0.0,2017-11-30 17:00:18+00:00,0.0,1.0,BBC,0.0,-40
41,0.7712,2017-11-30 16:46:25+00:00,0.0,0.749,BBC,0.251,-41
42,0.5719,2017-11-30 16:32:03+00:00,0.0,0.709,BBC,0.291,-42
43,0.7269,2017-11-30 16:25:30+00:00,0.106,0.549,BBC,0.345,-43
44,0.4767,2017-11-30 16:25:14+00:00,0.0,0.796,BBC,0.204,-44
45,0.0,2017-11-30 16:25:02+00:00,0.0,1.0,BBC,0.0,-45
46,0.0,2017-11-30 16:23:02+00:00,0.0,1.0,BBC,0.0,-46
47,0.5983,2017-11-30 16:22:48+00:00,0.0,0.755,BBC,0.245,-47
48,0.0,2017-11-30 16:02:14+00:00,0.0,1.0,BBC,0.0,-48
49,0.0,2017-11-30 15:30:05+00:00,0.0,1.0,BBC,0.0,-49
50,-0.1531,2017-11-30 14:59:03+00:00,0.111,0.808,BBC,0.081,-50
51,0.0,2017-11-30 14:33:05+00:00,0.0,1.0,BBC,0.0,-51
52,-0.6486,2017-11-30 14:00:14+00:00,0.249,0.751,BBC,0.0,-52
53,0.5106,2017-11-30 13:30:06+00:00,0.0,0.852,BBC,0.148,-53
54,0.3818,2017-11-30 13:00:09+00:00,0.0,0.776,BBC,0.224,-54
55,0.4019,2017-11-30 12:33:01+00:00,0.0,0.891,BBC,0.109,-55
56,0.6705,2017-11-30 12:00:09+00:00,0.0,0.784,BBC,0.216,-56
57,0.0,2017-11-30 11:33:03+00:00,0.0,1.0,BBC,0.0,-57
58,0.0,2017-11-30 11:03:32+00:00,0.0,1.0,BBC,0.0,-58
59,0.636,2017-11-30 09:02:06+00:00,0.0,0.792,BBC,0.208,-59
60,-0.2716,2017-11-30 08:40:06+00:00,0.11,0.89,BBC,0.0,-60
61,0.4404,2017-11-30 08:20:04+00:00,0.174,0.563,BBC,0.263,-61
62,0.0,2017-11-30 08:03:02+00:00,0.0,1.0,BBC,0.0,-62
63,0.0,2017-11-30 07:38:04+00:00,0.0,1.0,BBC,0.0,-63
64,0.0,2017-11-29 19:48:10+00:00,0.0,1.0,BBC,0.0,-64
65,-0.3182,2017-11-29 19:45:53+00:00,0.133,0.867,BBC,0.0,-65
66,0.0,2017-11-29 19:43:46+00:00,0.0,1.0,BBC,0.0,-66
67,0.0,2017-11-29 19:41:46+00:00,0.0,1.0,BBC,0.0,-67
68,0.5267,2017-11-29 19:38:12+00:00,0.0,0.726,BBC,0.274,-68
69,0.9439,2017-11-29 19:36:04+00:00,0.0,0.582,BBC,0.418,-69
70,0.0,2017-11-29 19:35:48+00:00,0.0,1.0,BBC,0.0,-70
71,0.0,2017-11-29 19:35:44+00:00,0.0,1.0,BBC,0.0,-71
72,0.4767,2017-11-29 19:28:04+00:00,0.105,0.654,BBC,0.242,-72
73,0.0,2017-11-29 19:05:03+00:00,0.0,1.0,BBC,0.0,-73
74,0.0,2017-11-29 18:33:04+00:00,0.0,1.0,BBC,0.0,-74
75,0.0,2017-11-29 18:03:05+00:00,0.0,1.0,BBC,0.0,-75
76,-0.6486,2017-11-29 17:29:04+00:00,0.3,0.562,BBC,0.139,-76
77,0.1007,2017-11-29 17:05:05+00:00,0.103,0.774,BBC,0.123,-77
78,0.4574,2017-11-29 16:33:12+00:00,0.0,0.87,BBC,0.13,-78
79,0.0,2017-11-29 16:09:40+00:00,0.0,1.0,BBC,0.0,-79
80,-0.6705,2017-11-29 14:00:11+00:00,0.231,0.769,BBC,0.0,-80
81,0.0,2017-11-29 13:39:49+00:00,0.0,1.0,BBC,0.0,-81
82,0.0,2017-11-29 13:30:02+00:00,0.0,1.0,BBC,0.0,-82
83,0.8271,2017-11-29 13:03:03+00:00,0.0,0.535,BBC,0.465,-83
84,0.0,2017-11-29 12:28:04+00:00,0.0,1.0,BBC,0.0,-84
85,0.6124,2017-11-29 12:03:01+00:00,0.0,0.688,BBC,0.312,-85
86,0.4588,2017-11-29 11:59:42+00:00,0.0,0.833,BBC,0.167,-86
87,0.0,2017-11-29 11:41:26+00:00,0.0,1.0,BBC,0.0,-87
88,0.6808,2017-11-29 11:27:33+00:00,0.0,0.804,BBC,0.196,-88
89,0.128,2017-11-29 11:23:54+00:00,0.0,0.923,BBC,0.077,-89
90,0.5859,2017-11-29 09:36:43+00:00,0.0,0.798,BBC,0.202,-90
91,0.4588,2017-11-29 09:33:03+00:00,0.0,0.714,BBC,0.286,-91
92,0.2732,2017-11-29 09:02:06+00:00,0.0,0.87,BBC,0.13,-92
93,0.5719,2017-11-29 08:45:04+00:00,0.0,0.802,BBC,0.198,-93
94,0.8553,2017-11-29 08:42:09+00:00,0.061,0.609,BBC,0.33,-94
95,0.4588,2017-11-29 08:37:54+00:00,0.083,0.72,BBC,0.197,-95
96,0.1531,2017-11-29 08:37:30+00:00,0.0,0.914,BBC,0.086,-96
97,0.8625,2017-11-29 08:36:59+00:00,0.0,0.551,BBC,0.449,-97
98,0.0,2017-11-29 08:33:05+00:00,0.0,1.0,BBC,0.0,-98
99,0.4767,2017-11-29 08:00:06+00:00,0.0,0.744,BBC,0.256,-99
0,0.3612,2017-12-01 22:43:05+00:00,0.0,0.884,CBS,0.116,0
1,0.4199,2017-12-01 22:15:28+00:00,0.0,0.866,CBS,0.134,-1
2,0.7707,2017-12-01 21:00:12+00:00,0.0,0.718,CBS,0.282,-2
3,0.0,2017-12-01 20:17:18+00:00,0.0,1.0,CBS,0.0,-3
4,0.8221,2017-12-01 19:32:18+00:00,0.0,0.691,CBS,0.309,-4
5,0.0,2017-12-01 18:40:34+00:00,0.0,1.0,CBS,0.0,-5
6,0.0,2017-12-01 18:16:37+00:00,0.0,1.0,CBS,0.0,-6
7,0.0,2017-12-01 18:10:11+00:00,0.0,1.0,CBS,0.0,-7
8,0.6893,2017-12-01 14:00:04+00:00,0.0,0.749,CBS,0.251,-8
9,0.1901,2017-12-01 12:00:03+00:00,0.0,0.907,CBS,0.093,-9
10,0.296,2017-12-01 01:31:30+00:00,0.0,0.872,CBS,0.128,-10
11,0.0,2017-11-30 21:10:19+00:00,0.0,1.0,CBS,0.0,-11
12,0.6115,2017-11-30 20:54:39+00:00,0.0,0.773,CBS,0.227,-12
13,0.0,2017-11-30 17:40:02+00:00,0.0,1.0,CBS,0.0,-13
14,0.6808,2017-11-30 17:30:05+00:00,0.0,0.752,CBS,0.248,-14
15,0.3612,2017-11-30 15:00:05+00:00,0.0,0.865,CBS,0.135,-15
16,0.0,2017-11-30 12:00:03+00:00,0.0,1.0,CBS,0.0,-16
17,-0.3595,2017-11-30 07:52:09+00:00,0.128,0.872,CBS,0.0,-17
18,0.6239,2017-11-30 04:09:55+00:00,0.0,0.55,CBS,0.45,-18
19,0.0,2017-11-30 04:00:27+00:00,0.0,1.0,CBS,0.0,-19
20,0.5542,2017-11-30 03:59:09+00:00,0.0,0.796,CBS,0.204,-20
21,0.0,2017-11-30 03:55:37+00:00,0.0,1.0,CBS,0.0,-21
22,0.0,2017-11-30 03:51:38+00:00,0.0,1.0,CBS,0.0,-22
23,0.0,2017-11-30 03:44:54+00:00,0.0,1.0,CBS,0.0,-23
24,0.7482,2017-11-30 03:37:13+00:00,0.0,0.566,CBS,0.434,-24
25,0.8513,2017-11-30 03:35:13+00:00,0.0,0.458,CBS,0.542,-25
26,0.7232,2017-11-30 03:33:32+00:00,0.0,0.698,CBS,0.302,-26
27,0.0,2017-11-30 03:23:03+00:00,0.0,1.0,CBS,0.0,-27
28,0.8979,2017-11-30 03:11:31+00:00,0.049,0.557,CBS,0.394,-28
29,0.0,2017-11-30 03:09:54+00:00,0.0,1.0,CBS,0.0,-29
30,0.6988,2017-11-30 03:07:20+00:00,0.0,0.548,CBS,0.452,-30
31,0.0,2017-11-30 03:06:38+00:00,0.0,1.0,CBS,0.0,-31
32,0.7067,2017-11-30 03:03:15+00:00,0.0,0.754,CBS,0.246,-32
33,0.0,2017-11-30 03:02:34+00:00,0.0,1.0,CBS,0.0,-33
34,0.0,2017-11-30 02:59:59+00:00,0.0,1.0,CBS,0.0,-34
35,0.6514,2017-11-30 02:45:03+00:00,0.0,0.842,CBS,0.158,-35
36,0.1139,2017-11-30 00:06:05+00:00,0.0,0.936,CBS,0.064,-36
37,0.6825,2017-11-29 23:20:13+00:00,0.0,0.772,CBS,0.228,-37
38,0.5826,2017-11-29 23:15:24+00:00,0.0,0.848,CBS,0.152,-38
39,0.0,2017-11-29 23:14:57+00:00,0.0,1.0,CBS,0.0,-39
40,0.0,2017-11-29 23:13:40+00:00,0.0,1.0,CBS,0.0,-40
41,0.0,2017-11-29 22:34:56+00:00,0.0,1.0,CBS,0.0,-41
42,0.0,2017-11-29 21:07:33+00:00,0.0,1.0,CBS,0.0,-42
43,0.4559,2017-11-29 20:41:13+00:00,0.0,0.858,CBS,0.142,-43
44,0.0,2017-11-29 15:00:07+00:00,0.0,1.0,CBS,0.0,-44
45,0.6124,2017-11-29 12:00:06+00:00,0.0,0.8,CBS,0.2,-45
46,0.4926,2017-11-29 09:09:48+00:00,0.0,0.842,CBS,0.158,-46
47,0.6696,2017-11-29 08:39:05+00:00,0.0,0.809,CBS,0.191,-47
48,0.6696,2017-11-29 08:22:35+00:00,0.0,0.817,CBS,0.183,-48
49,0.4201,2017-11-29 07:56:05+00:00,0.087,0.754,CBS,0.158,-49
50,0.5826,2017-11-29 06:41:12+00:00,0.0,0.848,CBS,0.152,-50
51,0.5106,2017-11-29 04:13:05+00:00,0.0,0.751,CBS,0.249,-51
52,0.9476,2017-11-29 04:02:16+00:00,0.0,0.551,CBS,0.449,-52
53,0.6289,2017-11-29 04:00:58+00:00,0.0,0.629,CBS,0.371,-53
54,0.0,2017-11-29 03:57:07+00:00,0.0,1.0,CBS,0.0,-54
55,-0.5904,2017-11-29 03:56:08+00:00,0.258,0.742,CBS,0.0,-55
56,0.4939,2017-11-29 03:53:09+00:00,0.0,0.775,CBS,0.225,-56
57,0.0,2017-11-29 03:52:28+00:00,0.0,1.0,CBS,0.0,-57
58,0.0,2017-11-29 03:47:11+00:00,0.0,1.0,CBS,0.0,-58
59,0.0,2017-11-29 03:45:32+00:00,0.0,1.0,CBS,0.0,-59
60,0.5994,2017-11-29 03:42:10+00:00,0.0,0.794,CBS,0.206,-60
61,0.0,2017-11-29 03:39:21+00:00,0.0,1.0,CBS,0.0,-61
62,0.8878,2017-11-29 03:36:37+00:00,0.0,0.514,CBS,0.486,-62
63,0.0,2017-11-29 03:34:35+00:00,0.0,1.0,CBS,0.0,-63
64,0.0,2017-11-29 03:26:10+00:00,0.0,1.0,CBS,0.0,-64
65,0.4199,2017-11-29 03:22:53+00:00,0.0,0.518,CBS,0.482,-65
66,0.4003,2017-11-29 03:22:27+00:00,0.0,0.828,CBS,0.172,-66
67,0.0,2017-11-29 03:20:56+00:00,0.0,1.0,CBS,0.0,-67
68,0.0,2017-11-29 03:18:45+00:00,0.0,1.0,CBS,0.0,-68
69,0.6155,2017-11-29 03:16:50+00:00,0.0,0.713,CBS,0.287,-69
70,0.5719,2017-11-29 03:11:29+00:00,0.0,0.448,CBS,0.552,-70
71,0.0,2017-11-29 03:10:51+00:00,0.0,1.0,CBS,0.0,-71
72,0.0,2017-11-29 03:07:06+00:00,0.0,1.0,CBS,0.0,-72
73,-0.6597,2017-11-29 03:04:59+00:00,0.328,0.672,CBS,0.0,-73
74,0.0,2017-11-29 02:56:00+00:00,0.0,1.0,CBS,0.0,-74
75,0.4574,2017-11-29 02:53:04+00:00,0.0,0.88,CBS,0.12,-75
76,0.0,2017-11-29 02:24:15+00:00,0.0,1.0,CBS,0.0,-76
77,0.75,2017-11-29 00:43:55+00:00,0.0,0.684,CBS,0.316,-77
78,0.296,2017-11-28 23:38:24+00:00,0.0,0.905,CBS,0.095,-78
79,0.2732,2017-11-28 23:02:06+00:00,0.0,0.916,CBS,0.084,-79
80,0.6412,2017-11-28 21:33:30+00:00,0.0,0.706,CBS,0.294,-80
81,0.4574,2017-11-28 20:36:19+00:00,0.0,0.857,CBS,0.143,-81
82,0.0,2017-11-28 19:35:16+00:00,0.0,1.0,CBS,0.0,-82
83,0.0,2017-11-28 17:00:03+00:00,0.0,1.0,CBS,0.0,-83
84,0.0,2017-11-28 15:31:01+00:00,0.0,1.0,CBS,0.0,-84
85,0.0,2017-11-28 15:00:05+00:00,0.0,1.0,CBS,0.0,-85
86,0.5707,2017-11-28 14:25:21+00:00,0.0,0.813,CBS,0.187,-86
87,0.4199,2017-11-28 01:37:07+00:00,0.0,0.883,CBS,0.117,-87
88,0.0,2017-11-28 00:09:46+00:00,0.0,1.0,CBS,0.0,-88
89,0.1139,2017-11-27 22:03:36+00:00,0.0,0.929,CBS,0.071,-89
90,0.7804,2017-11-27 20:02:27+00:00,0.0,0.713,CBS,0.287,-90
91,0.4019,2017-11-27 18:32:06+00:00,0.0,0.803,CBS,0.197,-91
92,0.1867,2017-11-27 12:01:03+00:00,0.0,0.916,CBS,0.084,-92
93,-0.2263,2017-11-27 00:53:16+00:00,0.091,0.909,CBS,0.0,-93
94,0.4559,2017-11-27 00:16:34+00:00,0.0,0.858,CBS,0.142,-94
95,0.8553,2017-11-27 00:15:41+00:00,0.0,0.63,CBS,0.37,-95
96,0.5093,2017-11-26 23:17:42+00:00,0.0,0.82,CBS,0.18,-96
97,0.3612,2017-11-26 21:01:23+00:00,0.0,0.872,CBS,0.128,-97
98,0.0,2017-11-26 15:00:05+00:00,0.0,1.0,CBS,0.0,-98
99,0.8591,2017-11-26 12:00:01+00:00,0.0,0.642,CBS,0.358,-99
0,-0.2481,2017-12-02 04:34:43+00:00,0.177,0.686,fox,0.137,0
1,0.0,2017-12-02 04:33:29+00:00,0.0,1.0,fox,0.0,-1
2,0.765,2017-12-02 04:15:03+00:00,0.0,0.752,fox,0.248,-2
3,0.4404,2017-12-01 05:51:08+00:00,0.161,0.497,fox,0.342,-3
4,0.0,2017-12-01 05:48:18+00:00,0.0,1.0,fox,0.0,-4
5,0.0,2017-12-01 03:04:01+00:00,0.0,1.0,fox,0.0,-5
6,0.5984,2017-11-30 23:08:54+00:00,0.0,0.786,fox,0.214,-6
7,0.5574,2017-11-30 20:41:13+00:00,0.0,0.827,fox,0.173,-7
8,0.4023,2017-11-30 10:00:47+00:00,0.0,0.895,fox,0.105,-8
9,0.6486,2017-11-30 05:49:08+00:00,0.0,0.773,fox,0.227,-9
10,-0.5574,2017-11-30 05:37:35+00:00,0.231,0.769,fox,0.0,-10
11,0.3182,2017-11-30 04:54:56+00:00,0.0,0.909,fox,0.091,-11
12,0.8834,2017-11-30 04:36:36+00:00,0.0,0.474,fox,0.526,-12
13,0.4019,2017-11-30 04:34:44+00:00,0.0,0.881,fox,0.119,-13
14,-0.3182,2017-11-30 04:33:38+00:00,0.103,0.897,fox,0.0,-14
15,0.2732,2017-11-30 03:58:45+00:00,0.0,0.916,fox,0.084,-15
16,0.0,2017-11-30 03:16:02+00:00,0.0,1.0,fox,0.0,-16
17,-0.2144,2017-11-30 02:32:28+00:00,0.188,0.812,fox,0.0,-17
18,0.0,2017-11-30 02:31:28+00:00,0.0,1.0,fox,0.0,-18
19,-0.7065,2017-11-30 01:34:39+00:00,0.304,0.567,fox,0.129,-19
20,-0.1779,2017-11-30 01:25:48+00:00,0.107,0.815,fox,0.077,-20
21,0.4939,2017-11-30 01:23:14+00:00,0.0,0.61,fox,0.39,-21
22,0.8221,2017-11-30 01:11:27+00:00,0.0,0.677,fox,0.323,-22
23,0.34,2017-11-30 01:09:23+00:00,0.0,0.888,fox,0.112,-23
24,0.0,2017-11-30 00:01:30+00:00,0.0,1.0,fox,0.0,-24
25,-0.4215,2017-11-29 23:51:30+00:00,0.197,0.726,fox,0.077,-25
26,0.0,2017-11-29 23:47:37+00:00,0.0,1.0,fox,0.0,-26
27,0.0,2017-11-29 23:42:09+00:00,0.0,1.0,fox,0.0,-27
28,0.0,2017-11-29 23:34:46+00:00,0.0,1.0,fox,0.0,-28
29,0.4522,2017-11-29 23:28:30+00:00,0.0,0.814,fox,0.186,-29
30,-0.5474,2017-11-29 23:24:52+00:00,0.414,0.586,fox,0.0,-30
31,0.4404,2017-11-29 23:24:28+00:00,0.11,0.676,fox,0.214,-31
32,0.8158,2017-11-29 23:18:23+00:00,0.0,0.401,fox,0.599,-32
33,0.3182,2017-11-29 23:12:04+00:00,0.0,0.566,fox,0.434,-33
34,0.0,2017-11-29 23:00:46+00:00,0.0,1.0,fox,0.0,-34
35,0.7269,2017-11-29 22:43:57+00:00,0.0,0.643,fox,0.357,-35
36,0.7845,2017-11-29 22:42:03+00:00,0.0,0.566,fox,0.434,-36
37,0.0,2017-11-29 22:32:40+00:00,0.0,1.0,fox,0.0,-37
38,0.2144,2017-11-29 21:40:38+00:00,0.0,0.902,fox,0.098,-38
39,0.6461,2017-11-29 06:41:23+00:00,0.0,0.74,fox,0.26,-39
40,0.0,2017-11-29 06:35:26+00:00,0.0,1.0,fox,0.0,-40
41,0.6478,2017-11-29 04:20:36+00:00,0.0,0.791,fox,0.209,-41
42,0.4019,2017-11-29 01:26:16+00:00,0.0,0.876,fox,0.124,-42
43,0.5255,2017-11-29 01:24:53+00:00,0.0,0.841,fox,0.159,-43
44,0.0,2017-11-29 01:17:57+00:00,0.0,1.0,fox,0.0,-44
45,0.8548,2017-11-29 01:15:30+00:00,0.0,0.657,fox,0.343,-45
46,0.0,2017-11-29 01:14:28+00:00,0.0,1.0,fox,0.0,-46
47,0.4215,2017-11-28 06:01:23+00:00,0.0,0.882,fox,0.118,-47
48,0.7906,2017-11-28 04:35:27+00:00,0.0,0.704,fox,0.296,-48
49,-0.2263,2017-11-28 02:00:28+00:00,0.095,0.905,fox,0.0,-49
50,0.0,2017-11-27 08:52:36+00:00,0.0,1.0,fox,0.0,-50
51,0.0,2017-11-27 05:17:35+00:00,0.0,1.0,fox,0.0,-51
52,0.0,2017-11-27 01:50:27+00:00,0.0,1.0,fox,0.0,-52
53,0.25,2017-11-26 23:48:31+00:00,0.0,0.926,fox,0.074,-53
54,-0.0772,2017-11-24 06:20:01+00:00,0.114,0.782,fox,0.104,-54
55,0.6696,2017-11-24 03:39:37+00:00,0.0,0.421,fox,0.579,-55
56,0.0,2017-11-24 03:30:58+00:00,0.0,1.0,fox,0.0,-56
57,0.4404,2017-11-24 03:11:59+00:00,0.094,0.73,fox,0.176,-57
58,0.7003,2017-11-24 01:31:56+00:00,0.0,0.147,fox,0.853,-58
59,0.6705,2017-11-24 01:23:35+00:00,0.092,0.496,fox,0.411,-59
60,0.0,2017-11-24 00:39:28+00:00,0.0,1.0,fox,0.0,-60
61,0.0,2017-11-24 00:26:44+00:00,0.0,1.0,fox,0.0,-61
62,0.4522,2017-11-23 21:57:28+00:00,0.0,0.844,fox,0.156,-62
63,0.8832,2017-11-23 21:56:29+00:00,0.0,0.593,fox,0.407,-63
64,0.5709,2017-11-23 21:49:05+00:00,0.0,0.802,fox,0.198,-64
65,0.2716,2017-11-23 09:48:49+00:00,0.0,0.901,fox,0.099,-65
66,0.0,2017-11-23 07:02:44+00:00,0.0,1.0,fox,0.0,-66
67,0.0,2017-11-23 00:49:58+00:00,0.0,1.0,fox,0.0,-67
68,0.5574,2017-11-23 00:36:42+00:00,0.0,0.783,fox,0.217,-68
69,0.5994,2017-11-22 22:02:09+00:00,0.0,0.435,fox,0.565,-69
70,0.0,2017-11-22 22:01:11+00:00,0.0,1.0,fox,0.0,-70
71,0.6423,2017-11-22 21:52:24+00:00,0.159,0.529,fox,0.313,-71
72,0.5983,2017-11-22 09:08:38+00:00,0.0,0.836,fox,0.164,-72
73,0.0,2017-11-22 09:08:35+00:00,0.0,1.0,fox,0.0,-73
74,0.0,2017-11-22 09:07:04+00:00,0.0,1.0,fox,0.0,-74
75,0.8588,2017-11-22 09:05:48+00:00,0.0,0.387,fox,0.613,-75
76,0.0,2017-11-22 09:05:07+00:00,0.0,1.0,fox,0.0,-76
77,0.0,2017-11-22 08:52:52+00:00,0.0,1.0,fox,0.0,-77
78,0.6115,2017-11-22 08:48:05+00:00,0.0,0.773,fox,0.227,-78
79,-0.3818,2017-11-22 03:33:43+00:00,0.133,0.867,fox,0.0,-79
80,0.5994,2017-11-22 03:25:47+00:00,0.0,0.794,fox,0.206,-80
81,0.3612,2017-11-22 03:24:49+00:00,0.082,0.781,fox,0.138,-81
82,0.6808,2017-11-22 03:11:12+00:00,0.0,0.797,fox,0.203,-82
83,0.4588,2017-11-22 01:49:19+00:00,0.0,0.824,fox,0.176,-83
84,0.0,2017-11-22 00:10:44+00:00,0.0,1.0,fox,0.0,-84
85,0.6369,2017-11-21 23:58:34+00:00,0.0,0.714,fox,0.286,-85
86,0.7177,2017-11-21 23:53:49+00:00,0.0,0.539,fox,0.461,-86
87,0.0,2017-11-21 23:48:22+00:00,0.0,1.0,fox,0.0,-87
88,0.0,2017-11-21 23:38:26+00:00,0.0,1.0,fox,0.0,-88
89,0.2789,2017-11-21 23:26:39+00:00,0.0,0.79,fox,0.21,-89
90,-0.0258,2017-11-21 23:21:33+00:00,0.155,0.695,fox,0.15,-90
91,-0.4019,2017-11-21 22:30:25+00:00,0.196,0.702,fox,0.102,-91
92,0.3182,2017-11-21 22:16:21+00:00,0.0,0.901,fox,0.099,-92
93,0.0,2017-11-21 20:58:18+00:00,0.0,1.0,fox,0.0,-93
94,-0.7065,2017-11-21 19:59:52+00:00,0.281,0.719,fox,0.0,-94
95,0.5574,2017-11-21 11:00:55+00:00,0.0,0.765,fox,0.235,-95
96,0.0,2017-11-21 08:15:08+00:00,0.0,1.0,fox,0.0,-96
97,0.0,2017-11-21 07:32:07+00:00,0.0,1.0,fox,0.0,-97
98,-0.2037,2017-11-21 05:48:58+00:00,0.101,0.899,fox,0.0,-98
99,0.0,2017-11-21 05:44:50+00:00,0.0,1.0,fox,0.0,-99
